,accuracy,auc,ai_detect%,precision_cg,recall_cg,f1_cg
LinearSVC,0.965252874984543,,6.979062811565304,0.9651335311572701,0.9653722483304477,0.9652528749845432
LogisticRegression,0.9570916285396315,0.9926264344743072,4.885343968095713,0.9610778443113772,0.9527578530793965,0.9568997640044715
