,accuracy,auc,ai_cg_catch%,precision_cg,recall_cg,f1_cg
LogisticRegression,0.9580808705329541,0.9927073524400037,1.744765702891326,0.9634634634634635,0.9522631709126886,0.9578305759422814
RandomForest,0.9019413874118957,0.9675133022285408,,0.9128556910569106,0.8886965124907247,0.9006141120441158
