,accuracy,auc,ai_cg_catch%,precision_cg,recall_cg,f1_cg
LinearSVC,0.9659948064795351,,2.4426719840478563,0.9654150197628458,0.9666089537472174,0.9660116178469904
LogisticRegression,0.9580808705329541,0.9927072301150367,1.744765702891326,0.9634634634634635,0.9522631709126886,0.9578305759422814
LogisticRegression_augmented,0.9536292815630023,0.9911918072608675,84.84546360917248,0.9550868486352357,0.9520158298293346,0.9535488665923448
RandomForest,0.9335971311982194,0.9837983027655473,0.24925224327018944,0.9265206812652068,0.9418748454118229,0.9341346743529989
